<?xml version="1.0" encoding="UTF-8"?>
<!DOCTYPE mapper PUBLIC "-//mybatis.org//DTD Mapper 3.0//EN" "http://mybatis.org/dtd/mybatis-3-mapper.dtd">

<mapper namespace="com.pig4cloud.pig.admin.mapper.ProcessMapper">

  <resultMap id="processMap" type="com.pig4cloud.pig.admin.entity.ProcessEntity">
        <id property="id" column="id"/>
        <result property="username" column="username"/>
        <result property="nicename" column="nicename"/>
        <result property="createBy" column="create_by"/>
        <result property="createTime" column="create_time"/>
        <result property="updateBy" column="update_by"/>
        <result property="updateTime" column="update_time"/>
  </resultMap>
</mapper>
